Timestamp,RA,Dec
2025-07-23 16:12:00.034,179.577993546939,-42.0386975815376
2025-07-23 16:12:00.123,179.578004260093,-42.0386969030555
2025-07-23 16:12:00.244,179.578004260093,-42.0386969030555
2025-07-23 16:12:00.341,179.577998676741,-42.0386963338959
2025-07-23 16:12:00.532,179.577998676741,-42.0386963338959
2025-07-23 16:12:00.583,179.578010464622,-42.0386957686185
2025-07-23 16:12:00.687,179.578010464622,-42.0386957686185
2025-07-23 16:12:00.788,179.57800534837,-42.0386952471125
2025-07-23 16:12:00.891,179.57800534837,-42.0386952471125
2025-07-23 16:12:01.076,179.578015456346,-42.0386945092006
2025-07-23 16:12:01.139,179.578015456346,-42.0386945092006
2025-07-23 16:12:01.228,179.578015456346,-42.0386945092006
2025-07-23 16:12:01.312,179.578008725504,-42.0386938252893
2025-07-23 16:12:01.445,179.578008725504,-42.0386938252893
2025-07-23 16:12:01.538,179.578002801182,-42.0386932227166
2025-07-23 16:12:01.669,179.578002801182,-42.0386932227166
2025-07-23 16:12:01.761,179.577997071071,-42.038692640501
2025-07-23 16:12:01.926,179.577997071071,-42.038692640501
2025-07-23 16:12:02.014,179.577990409455,-42.0386919625549
2025-07-23 16:12:02.133,179.577990409455,-42.0386919625549
2025-07-23 16:12:02.185,179.577990409455,-42.0386919625549
2025-07-23 16:12:02.326,179.578017526625,-42.0386911916058
2025-07-23 16:12:02.443,179.578017526625,-42.0386911916058
2025-07-23 16:12:02.511,179.578017526625,-42.0386911916058
2025-07-23 16:12:02.623,179.578011479633,-42.0386905773938
2025-07-23 16:12:02.733,179.578011479633,-42.0386905773938
2025-07-23 16:12:02.849,179.578003616174,-42.0386897783384
2025-07-23 16:12:02.967,179.578003616174,-42.0386897783384
2025-07-23 16:12:03.136,179.577996627662,-42.0386890708745
2025-07-23 16:12:03.188,179.577996627662,-42.0386890708745
2025-07-23 16:12:03.313,179.577996627662,-42.0386890708745
2025-07-23 16:12:03.424,179.578007595383,-42.0386884218424
2025-07-23 16:12:03.537,179.578007595383,-42.0386884218424
2025-07-23 16:12:03.650,179.57800075735,-42.0386877290186
2025-07-23 16:12:03.737,179.57800075735,-42.0386877290186
2025-07-23 16:12:03.910,179.577995355592,-42.03868718037
2025-07-23 16:12:04.010,179.577995355592,-42.03868718037
2025-07-23 16:12:04.148,179.578007039661,-42.0386866063488
2025-07-23 16:12:04.264,179.578007039661,-42.0386866063488
2025-07-23 16:12:04.348,179.578017746229,-42.0387075011492
2025-07-23 16:12:04.407,179.578017746229,-42.0387075011492
2025-07-23 16:12:04.509,179.578017746229,-42.0387075011492
2025-07-23 16:12:04.650,179.578010500642,-42.0387067685326
2025-07-23 16:12:04.727,179.578010500642,-42.0387067685326
2025-07-23 16:12:04.845,179.583060398154,-42.0334672128027
2025-07-23 16:12:04.960,179.583060398154,-42.0334672128027
2025-07-23 16:12:05.065,179.617942728602,-41.9922018883987
2025-07-23 16:12:05.186,179.617942728602,-41.9922018883987
2025-07-23 16:12:05.281,179.665262692033,-41.9349491890789
2025-07-23 16:12:05.390,179.665262692033,-41.9349491890789
2025-07-23 16:12:05.543,179.752966449645,-41.8283868928703
2025-07-23 16:12:05.603,179.752966449645,-41.8283868928703
2025-07-23 16:12:05.782,179.86972107235,-41.6854261766441
2025-07-23 16:12:05.851,179.86972107235,-41.6854261766441
2025-07-23 16:12:05.941,179.86972107235,-41.6854261766441
2025-07-23 16:12:06.097,180.072458066213,-41.4371512466729
2025-07-23 16:12:06.151,180.072458066213,-41.4371512466729
2025-07-23 16:12:06.286,180.213705474806,-41.2643137902135
2025-07-23 16:12:06.375,180.213705474806,-41.2643137902135
2025-07-23 16:12:06.505,180.434010942968,-40.9945640543565
2025-07-23 16:12:06.603,180.434010942968,-40.9945640543565
2025-07-23 16:12:06.725,180.67672311315,-40.6969906387111
2025-07-23 16:12:06.810,180.67672311315,-40.6969906387111
2025-07-23 16:12:06.965,180.881444204229,-40.4450992881156
2025-07-23 16:12:07.033,180.881444204229,-40.4450992881156
2025-07-23 16:12:07.153,180.881444204229,-40.4450992881156
2025-07-23 16:12:07.291,181.274579974655,-39.9640527024756
2025-07-23 16:12:07.385,181.274579974655,-39.9640527024756
2025-07-23 16:12:07.485,181.623914343098,-39.5348881026158
2025-07-23 16:12:07.571,181.623914343098,-39.5348881026158
2025-07-23 16:12:07.750,181.991141894121,-39.0861299280813
2025-07-23 16:12:07.805,181.991141894121,-39.0861299280813
2025-07-23 16:12:07.907,181.991141894121,-39.0861299280813
2025-07-23 16:12:08.002,182.388095283095,-38.5988627491552
2025-07-23 16:12:08.141,182.388095283095,-38.5988627491552
2025-07-23 16:12:08.227,182.83722339554,-38.0491172664755
2025-07-23 16:12:08.351,182.83722339554,-38.0491172664755
2025-07-23 16:12:08.444,183.181529719251,-37.628621210597
2025-07-23 16:12:08.567,183.181529719251,-37.628621210597
2025-07-23 16:12:08.670,183.660013598842,-37.0457911832756
2025-07-23 16:12:08.791,183.660013598842,-37.0457911832756
2025-07-23 16:12:08.905,184.184563684816,-36.4031566201961
2025-07-23 16:12:08.996,184.184563684816,-36.4031566201961
2025-07-23 16:12:09.170,184.735411753366,-35.7276872636298
2025-07-23 16:12:09.218,184.735411753366,-35.7276872636298
2025-07-23 16:12:09.325,184.735411753366,-35.7276872636298
2025-07-23 16:12:09.446,185.252262024482,-35.095021303536
2025-07-23 16:12:09.579,185.252262024482,-35.095021303536
2025-07-23 16:12:09.664,185.64114750753,-34.6192096135815
2025-07-23 16:12:09.768,185.64114750753,-34.6192096135815
2025-07-23 16:12:09.887,186.307266472861,-33.8037759593326
2025-07-23 16:12:09.982,186.307266472861,-33.8037759593326
2025-07-23 16:12:10.210,186.957672090606,-33.0112042961666
2025-07-23 16:12:10.226,186.957672090606,-33.0112042961666
2025-07-23 16:12:10.352,186.957672090606,-33.0112042961666
2025-07-23 16:12:10.419,187.47230359382,-32.3808509969228
2025-07-23 16:12:10.545,187.47230359382,-32.3808509969228
2025-07-23 16:12:10.632,187.864951463095,-31.9012751648295
2025-07-23 16:12:10.789,187.864951463095,-31.9012751648295
2025-07-23 16:12:10.852,188.414091339899,-31.2299505838508
2025-07-23 16:12:11.009,188.414091339899,-31.2299505838508
2025-07-23 16:12:11.061,188.785813861588,-30.7769945374646
2025-07-23 16:12:11.230,188.785813861588,-30.7769945374646
2025-07-23 16:12:11.279,189.321185139542,-30.1228144120697
2025-07-23 16:12:11.444,189.321185139542,-30.1228144120697
2025-07-23 16:12:11.522,189.873488638561,-29.4489594630335
2025-07-23 16:12:11.620,189.873488638561,-29.4489594630335
2025-07-23 16:12:11.747,190.389245895006,-28.8206553977652
2025-07-23 16:12:11.851,190.389245895006,-28.8206553977652
2025-07-23 16:12:12.006,190.787604480281,-28.335623599608
2025-07-23 16:12:12.056,190.787604480281,-28.335623599608
2025-07-23 16:12:12.254,191.335254551372,-27.6662710816464
2025-07-23 16:12:12.277,191.335254551372,-27.6662710816464
2025-07-23 16:12:12.398,191.335254551372,-27.6662710816464
2025-07-23 16:12:12.492,191.865285234528,-27.0233310191236
2025-07-23 16:12:12.625,191.865285234528,-27.0233310191236
2025-07-23 16:12:12.711,192.413528167234,-26.3542982211885
2025-07-23 16:12:12.836,192.413528167234,-26.3542982211885
2025-07-23 16:12:12.932,192.93503356083,-25.7187702311458
2025-07-23 16:12:13.051,192.93503356083,-25.7187702311458
2025-07-23 16:12:13.172,193.4604229246,-25.0778024993499
2025-07-23 16:12:13.262,193.4604229246,-25.0778024993499
2025-07-23 16:12:13.468,193.977978047441,-24.444901536807
2025-07-23 16:12:13.493,193.977978047441,-24.444901536807
2025-07-23 16:12:13.630,193.977978047441,-24.444901536807
2025-07-23 16:12:13.695,194.505938191444,-23.8025952188418
2025-07-23 16:12:13.843,194.505938191444,-23.8025952188418
2025-07-23 16:12:13.934,195.059311060487,-23.1302063702246
2025-07-23 16:12:14.047,195.059311060487,-23.1302063702246
2025-07-23 16:12:14.155,195.589181234022,-22.4857161667252
2025-07-23 16:12:14.311,195.589181234022,-22.4857161667252
2025-07-23 16:12:14.374,195.98479834162,-22.0023918502216
2025-07-23 16:12:14.475,195.98479834162,-22.0023918502216
2025-07-23 16:12:14.606,196.528339632711,-21.3429716467087
2025-07-23 16:12:14.702,196.528339632711,-21.3429716467087
2025-07-23 16:12:14.844,197.051010350814,-20.7034738752212
2025-07-23 16:12:14.937,197.051010350814,-20.7034738752212
2025-07-23 16:12:15.027,197.051010350814,-20.7034738752212
2025-07-23 16:12:15.122,197.572375268827,-20.0696102960054
2025-07-23 16:12:15.287,197.572375268827,-20.0696102960054
2025-07-23 16:12:15.337,198.136729163012,-19.3818685079819
2025-07-23 16:12:15.470,198.136729163012,-19.3818685079819
2025-07-23 16:12:15.561,198.654805248714,-18.7513161383623
2025-07-23 16:12:15.683,198.654805248714,-18.7513161383623
2025-07-23 16:12:15.780,199.178080167078,-18.1160753420762
2025-07-23 16:12:15.911,199.178080167078,-18.1160753420762
2025-07-23 16:12:15.997,199.57297426881,-17.6339286230141
2025-07-23 16:12:16.118,199.57297426881,-17.6339286230141
2025-07-23 16:12:16.230,200.094946916801,-17.000375297334
2025-07-23 16:12:16.339,200.094946916801,-17.000375297334
2025-07-23 16:12:16.471,200.620791477779,-16.3597390647226
2025-07-23 16:12:16.567,200.620791477779,-16.3597390647226
2025-07-23 16:12:16.663,200.620791477779,-16.3597390647226
2025-07-23 16:12:16.778,201.017629505912,-15.8769061099202
2025-07-23 16:12:16.972,201.561712359415,-15.2141738844468
2025-07-23 16:12:16.996,201.561712359415,-15.2141738844468
2025-07-23 16:12:17.092,201.561712359415,-15.2141738844468
2025-07-23 16:12:17.207,202.210685162202,-14.4270369939137
2025-07-23 16:12:17.374,202.210685162202,-14.4270369939137
2025-07-23 16:12:17.447,202.730001324844,-13.7929303198975
2025-07-23 16:12:17.533,202.730001324844,-13.7929303198975
2025-07-23 16:12:17.660,203.253844900944,-13.1564827071691
2025-07-23 16:12:17.744,203.253844900944,-13.1564827071691
2025-07-23 16:12:17.907,203.801816270622,-12.4907830815981
2025-07-23 16:12:17.971,203.801816270622,-12.4907830815981
2025-07-23 16:12:18.089,203.801816270622,-12.4907830815981
2025-07-23 16:12:18.182,204.332166262045,-11.8457014458633
2025-07-23 16:12:18.339,204.332166262045,-11.8457014458633
2025-07-23 16:12:18.400,204.755663767308,-11.3306261678154
2025-07-23 16:12:18.532,204.755663767308,-11.3306261678154
2025-07-23 16:12:18.617,205.305551953348,-10.6602695470976
2025-07-23 16:12:18.757,205.305551953348,-10.6602695470976
2025-07-23 16:12:18.831,205.701037421999,-10.1801051187978
2025-07-23 16:12:18.961,205.701037421999,-10.1801051187978
2025-07-23 16:12:19.163,206.351253123005,-9.39018316863141
2025-07-23 16:12:19.208,206.351253123005,-9.39018316863141
2025-07-23 16:12:19.287,206.351253123005,-9.39018316863141
2025-07-23 16:12:19.392,207.023595532919,-8.57256637814092
2025-07-23 16:12:19.528,207.023595532919,-8.57256637814092
2025-07-23 16:12:19.616,207.399507452442,-8.11387148065558
2025-07-23 16:12:19.752,207.399507452442,-8.11387148065558
2025-07-23 16:12:19.814,207.806047976757,-7.62272678175961
2025-07-23 16:12:19.946,207.806047976757,-7.62272678175961
2025-07-23 16:12:20.047,208.351333266098,-6.95730796208693
2025-07-23 16:12:20.173,208.351333266098,-6.95730796208693
2025-07-23 16:12:20.259,208.866657210518,-6.33153503025414
2025-07-23 16:12:20.392,208.866657210518,-6.33153503025414
2025-07-23 16:12:20.552,209.383913707793,-5.70101922626296
2025-07-23 16:12:20.592,209.383913707793,-5.70101922626296
2025-07-23 16:12:20.748,209.383913707793,-5.07846058353016
2025-07-23 16:12:20.826,209.897929208272,-5.07846058353016
2025-07-23 16:12:20.932,209.897929208272,-5.07846058353016
2025-07-23 16:12:21.037,210.415176960504,-4.44879479402061
2025-07-23 16:12:21.201,210.415176960504,-4.44879479402061
2025-07-23 16:12:21.259,210.93894156717,-3.81044110847066
2025-07-23 16:12:21.393,210.93894156717,-3.81044110847066
2025-07-23 16:12:21.479,211.515477620428,-3.10955698879022
2025-07-23 16:12:21.607,211.515477620428,-3.10955698879022
2025-07-23 16:12:21.709,212.039881921577,-2.47441507056581
2025-07-23 16:12:21.785,212.039881921577,-2.47441507056581
2025-07-23 16:12:21.949,212.432045269135,-1.99528686679534
2025-07-23 16:12:22.010,212.432045269135,-1.99528686679534
2025-07-23 16:12:22.173,212.979247189588,-1.32930663619155
2025-07-23 16:12:22.228,212.979247189588,-1.32930663619155
2025-07-23 16:12:22.372,212.979247189588,-1.32930663619155
2025-07-23 16:12:22.447,213.639137417052,-0.52794537850346
2025-07-23 16:12:22.673,214.01044540924,-0.0773736028978078
2025-07-23 16:12:22.699,214.01044540924,-0.0773736028978078
2025-07-23 16:12:22.815,214.01044540924,-0.0773736028978078
2025-07-23 16:12:22.898,214.534183096189,0.558455102124867
2025-07-23 16:12:23.030,214.534183096189,0.558455102124867
2025-07-23 16:12:23.119,215.074842102771,1.21725043956539
2025-07-23 16:12:23.288,215.074842102771,1.21725043956539
2025-07-23 16:12:23.320,215.463730238248,1.68994830465488
2025-07-23 16:12:23.451,215.463730238248,1.68994830465488
2025-07-23 16:12:23.603,216.108605451282,2.47378615037596
2025-07-23 16:12:23.648,216.108605451282,2.47378615037596
2025-07-23 16:12:23.769,216.108605451282,2.47378615037596
2025-07-23 16:12:23.886,216.647957195529,3.12776228093387
2025-07-23 16:12:23.995,216.647957195529,3.12776228093387
2025-07-23 16:12:24.100,217.187957404584,3.78568643640634
2025-07-23 16:12:24.209,217.187957404584,3.78568643640634
2025-07-23 16:12:24.324,217.710367380992,4.42063376367949
2025-07-23 16:12:24.417,217.710367380992,4.42063376367949
2025-07-23 16:12:24.541,218.127895265388,4.92888043880504
2025-07-23 16:12:24.677,218.127895265388,4.92888043880504
2025-07-23 16:12:24.793,218.652905176106,5.56460098776759
2025-07-23 16:12:24.889,218.652905176106,5.56460098776759
2025-07-23 16:12:25.016,218.652905176106,6.19870609115401
2025-07-23 16:12:25.075,219.174001861033,6.19870609115401
2025-07-23 16:12:25.213,219.174001861033,6.19870609115401
2025-07-23 16:12:25.302,219.697040888416,6.83359756123093
2025-07-23 16:12:25.498,219.697040888416,7.50646328861629
2025-07-23 16:12:25.520,220.250707471859,7.50646328861629
2025-07-23 16:12:25.636,220.250707471859,7.50646328861629
2025-07-23 16:12:25.754,220.748342949235,8.11124532153909
2025-07-23 16:12:25.834,220.748342949235,8.11124532153909
2025-07-23 16:12:25.958,221.169093622456,8.62499287659861
2025-07-23 16:12:26.093,221.169093622456,8.62499287659861
2025-07-23 16:12:26.214,221.690835313849,9.25823121097514
2025-07-23 16:12:26.387,221.690835313849,9.25823121097514
2025-07-23 16:12:26.394,222.207992432397,9.88673552730614
2025-07-23 16:12:26.505,222.207992432397,9.88673552730614
2025-07-23 16:12:26.656,222.733632846859,10.5231312237408
2025-07-23 16:12:26.725,222.733632846859,10.5231312237408
2025-07-23 16:12:26.834,222.733632846859,10.5231312237408
2025-07-23 16:12:26.925,223.234490523988,11.1341804283936
2025-07-23 16:12:27.073,223.234490523988,11.1341804283936
2025-07-23 16:12:27.160,223.62920461549,11.6106746596365
2025-07-23 16:12:27.270,223.62920461549,11.6106746596365
2025-07-23 16:12:27.366,224.274020294143,12.39662800166
2025-07-23 16:12:27.494,224.274020294143,12.39662800166
2025-07-23 16:12:27.586,224.721466155079,12.9411652775458
2025-07-23 16:12:27.742,224.721466155079,12.9411652775458
2025-07-23 16:12:27.801,225.22103261001,13.5482079997061
2025-07-23 16:12:27.955,225.22103261001,13.5482079997061
2025-07-23 16:12:28.125,225.773342506981,14.2185752639505
2025-07-23 16:12:28.149,225.773342506981,14.2185752639505
2025-07-23 16:12:28.295,225.773342506981,14.8540911826831
2025-07-23 16:12:28.415,226.296995268924,14.8540911826831
2025-07-23 16:12:28.476,226.296995268924,14.8540911826831
2025-07-23 16:12:28.591,226.939170545979,15.6360319510506
2025-07-23 16:12:28.710,226.939170545979,15.6360319510506
2025-07-23 16:12:28.805,227.341023308821,16.1235319024076
2025-07-23 16:12:28.915,227.341023308821,16.1235319024076
2025-07-23 16:12:29.008,227.889409884545,16.7914721643364
2025-07-23 16:12:29.174,227.889409884545,16.7914721643364
2025-07-23 16:12:29.227,228.278875575726,17.2631296734541
2025-07-23 16:12:29.349,228.278875575726,17.2631296734541
2025-07-23 16:12:29.515,228.791443195889,17.8859499628517
2025-07-23 16:12:29.572,228.791443195889,17.8859499628517
2025-07-23 16:12:29.692,229.313771602045,18.5206250865302
2025-07-23 16:12:29.824,229.313771602045,18.5206250865302
2025-07-23 16:12:29.954,229.83347700482,19.1521289271109
2025-07-23 16:12:30.011,229.83347700482,19.1521289271109
2025-07-23 16:12:30.174,230.359054260985,19.7923058129121
2025-07-23 16:12:30.228,230.359054260985,19.7923058129121
2025-07-23 16:12:30.322,230.359054260985,19.7923058129121
2025-07-23 16:12:30.454,230.758287655916,20.275812677774
2025-07-23 16:12:30.596,230.758287655916,20.9666293103523
2025-07-23 16:12:30.649,231.328142401046,20.9666293103523
2025-07-23 16:12:30.805,231.704553871223,21.4263753826117
2025-07-23 16:12:30.872,231.704553871223,21.4263753826117
2025-07-23 16:12:31.000,231.704553871223,21.4263753826117
2025-07-23 16:12:31.132,232.49777370626,22.390164151392
2025-07-23 16:12:31.200,232.49777370626,22.390164151392
2025-07-23 16:12:31.335,232.895692638161,22.872038748466
2025-07-23 16:12:31.433,232.895692638161,22.872038748466
2025-07-23 16:12:31.576,233.419928931264,23.5090169730126
2025-07-23 16:12:31.652,233.419928931264,23.5090169730126
2025-07-23 16:12:31.745,233.419928931264,23.5090169730126
2025-07-23 16:12:31.876,234.093301478293,24.3287582606846
2025-07-23 16:12:31.995,234.093301478293,24.3287582606846
2025-07-23 16:12:32.092,234.519854291739,24.8470219850246
2025-07-23 16:12:32.227,234.519854291739,24.8470219850246
2025-07-23 16:12:32.341,234.519854291739,25.4863297591763
2025-07-23 16:12:32.395,235.046694978573,25.4863297591763
2025-07-23 16:12:32.531,235.046694978573,25.4863297591763
2025-07-23 16:12:32.620,235.563084178312,26.1153469122615
2025-07-23 16:12:32.752,235.563084178312,26.1153469122615
2025-07-23 16:12:32.876,236.239697628127,26.9350144018049
2025-07-23 16:12:32.965,236.239697628127,26.9350144018049
2025-07-23 16:12:33.122,236.756736022187,27.5632297925459
2025-07-23 16:12:33.191,236.756736022187,27.5632297925459
2025-07-23 16:12:33.299,236.756736022187,27.5632297925459
2025-07-23 16:12:33.388,237.303729363382,28.2294038601671
2025-07-23 16:12:33.532,237.303729363382,28.2294038601671
2025-07-23 16:12:33.651,237.844858019514,28.8868652472356
2025-07-23 16:12:33.719,237.844858019514,28.8868652472356
2025-07-23 16:12:33.847,237.844858019514,28.8868652472356
2025-07-23 16:12:33.953,238.64513799408,29.8583846759792
2025-07-23 16:12:34.058,238.64513799408,29.8583846759792
2025-07-23 16:12:34.192,239.037778115822,30.3354356458721
2025-07-23 16:12:34.292,239.037778115822,30.3354356458721
2025-07-23 16:12:34.395,239.585402941093,30.9999854810274
2025-07-23 16:12:34.480,239.585402941093,30.9999854810274
2025-07-23 16:12:34.615,239.981931411403,31.4825652129135
2025-07-23 16:12:34.699,239.981931411403,31.4825652129135
2025-07-23 16:12:34.826,240.503478172331,32.1154544760445
2025-07-23 16:12:34.936,240.503478172331,32.1154544760445
2025-07-23 16:12:35.022,240.503478172331,32.1154544760445
2025-07-23 16:12:35.194,241.289364013823,33.0710822767323
2025-07-23 16:12:35.259,241.289364013823,33.0710822767323
2025-07-23 16:12:35.391,241.289364013823,33.0710822767323
2025-07-23 16:12:35.506,241.941114867322,33.8629599314518
2025-07-23 16:12:35.593,241.941114867322,33.8629599314518
2025-07-23 16:12:35.676,241.941114867322,33.8629599314518
2025-07-23 16:12:35.860,242.758861204952,34.8565316662119
2025-07-23 16:12:35.914,242.758861204952,34.8565316662119
2025-07-23 16:12:36.016,242.758861204952,34.8565316662119
2025-07-23 16:12:36.134,243.131259581296,35.3098089116274
2025-07-23 16:12:36.274,243.131259581296,35.3098089116274
2025-07-23 16:12:36.372,243.642980261652,35.9307625499493
2025-07-23 16:12:36.454,243.642980261652,35.9307625499493
2025-07-23 16:12:36.597,244.200269173516,36.6062871929259
2025-07-23 16:12:36.698,244.200269173516,36.6062871929259
2025-07-23 16:12:36.813,244.745798413528,37.2699649398187
2025-07-23 16:12:36.899,244.745798413528,37.2699649398187
2025-07-23 16:12:37.037,245.268551908444,37.9051319114479
2025-07-23 16:12:37.119,245.268551908444,37.9051319114479
2025-07-23 16:12:37.259,245.817304823107,38.5735309103023
2025-07-23 16:12:37.315,245.817304823107,38.5735309103023
2025-07-23 16:12:37.436,245.817304823107,38.5735309103023
2025-07-23 16:12:37.573,246.464992818875,39.3597503876524
2025-07-23 16:12:37.657,246.464992818875,39.3597503876524
2025-07-23 16:12:37.817,246.864652960293,39.8454204580342
2025-07-23 16:12:37.911,246.864652960293,39.8454204580342
2025-07-23 16:12:38.036,247.376257921759,40.4678932914751
2025-07-23 16:12:38.095,247.376257921759,40.4678932914751
2025-07-23 16:12:38.233,247.904782702521,41.1093557025842
2025-07-23 16:12:38.316,247.904782702521,41.1093557025842
2025-07-23 16:12:38.460,248.293981352137,41.583128768801
2025-07-23 16:12:38.525,248.293981352137,41.583128768801
2025-07-23 16:12:38.666,248.835483800645,42.2403940564834
2025-07-23 16:12:38.753,248.835483800645,42.2403940564834
2025-07-23 16:12:38.903,249.208383891351,42.6927970988358
2025-07-23 16:12:38.972,249.208383891351,42.6927970988358
2025-07-23 16:12:39.074,249.208383891351,42.6927970988358
2025-07-23 16:12:39.220,250.004937297286,43.66008221886
2025-07-23 16:12:39.300,250.004937297286,43.66008221886
2025-07-23 16:12:39.498,250.532020326155,44.3007023906759
2025-07-23 16:12:39.520,250.532020326155,44.3007023906759
2025-07-23 16:12:39.658,250.94584811839,44.805279303046
2025-07-23 16:12:39.752,250.94584811839,44.805279303046
2025-07-23 16:12:39.869,251.347961149258,45.2956347361277
2025-07-23 16:12:39.970,251.347961149258,45.2956347361277
2025-07-23 16:12:40.100,251.889941354976,45.9528500483511
2025-07-23 16:12:40.185,251.889941354976,45.9528500483511
2025-07-23 16:12:40.354,252.386335291092,46.5554891191754
2025-07-23 16:12:40.396,252.386335291092,46.5554891191754
2025-07-23 16:12:40.529,252.386335291092,46.5554891191754
2025-07-23 16:12:40.669,253.053134229759,47.3676766759423
2025-07-23 16:12:40.724,253.053134229759,47.3676766759423
2025-07-23 16:12:40.853,253.053134229759,47.3676766759423
2025-07-23 16:12:40.963,253.844747467265,48.3301361831058
2025-07-23 16:12:41.055,253.844747467265,48.3301361831058
2025-07-23 16:12:41.182,254.244111855167,48.8156982678579
2025-07-23 16:12:41.359,254.244111855167,48.8156982678579
2025-07-23 16:12:41.408,254.764385108877,49.4491389426316
2025-07-23 16:12:41.498,254.764385108877,49.4491389426316
2025-07-23 16:12:41.617,255.161083246122,49.9291716355274
2025-07-23 16:12:41.744,255.161083246122,49.9291716355274
2025-07-23 16:12:41.842,255.687800685878,50.5705187234962
2025-07-23 16:12:41.928,255.687800685878,50.5705187234962
2025-07-23 16:12:42.065,256.237204944198,51.2379498876485
2025-07-23 16:12:42.147,256.237204944198,51.2379498876485
2025-07-23 16:12:42.296,256.60776654892,51.6910602203425
2025-07-23 16:12:42.367,256.60776654892,51.6910602203425
2025-07-23 16:12:42.558,257.278631346376,52.5071556918817
2025-07-23 16:12:42.584,257.278631346376,52.5071556918817
2025-07-23 16:12:42.735,257.278631346376,52.5071556918817
2025-07-23 16:12:42.807,257.698519850471,53.0171964971367
2025-07-23 16:12:42.973,257.698519850471,53.0171964971367
2025-07-23 16:12:43.027,258.219087588743,53.6498150448431
2025-07-23 16:12:43.159,258.219087588743,53.6498150448431
2025-07-23 16:12:43.245,258.744786371417,54.2903265325219
2025-07-23 16:12:43.357,258.744786371417,54.2903265325219
2025-07-23 16:12:43.486,259.274313112511,54.9332099134696
2025-07-23 16:12:43.619,259.274313112511,54.9332099134696
2025-07-23 16:12:43.718,259.662117922465,55.4068700399429
2025-07-23 16:12:43.804,259.662117922465,55.4068700399429
2025-07-23 16:12:43.995,260.181756795398,56.0386693504911
2025-07-23 16:12:44.025,260.181756795398,56.0386693504911
2025-07-23 16:12:44.119,260.181756795398,56.0386693504911
2025-07-23 16:12:44.241,260.705189636111,56.6768042589421
2025-07-23 16:12:44.369,261.099351539718,57.1544098938019
2025-07-23 16:12:44.440,261.099351539718,57.1544098938019
2025-07-23 16:12:44.635,261.740078430727,57.9380263158189
2025-07-23 16:12:44.660,261.740078430727,57.9380263158189
2025-07-23 16:12:44.785,261.740078430727,57.9380263158189
2025-07-23 16:12:44.916,262.411840200208,58.755619289785
2025-07-23 16:12:45.019,262.411840200208,58.755619289785
2025-07-23 16:12:45.192,262.808292964545,59.2387573336452
2025-07-23 16:12:45.214,262.808292964545,59.2387573336452
2025-07-23 16:12:45.378,263.325343725723,59.8681551022638
2025-07-23 16:12:45.451,263.325343725723,59.8681551022638
2025-07-23 16:12:45.581,263.325343725723,60.3599857881848
2025-07-23 16:12:45.670,263.728775995745,60.3599857881848
2025-07-23 16:12:45.763,263.728775995745,60.3599857881848
2025-07-23 16:12:45.876,264.420621802938,61.2052585083226
2025-07-23 16:12:46.005,264.420621802938,61.2052585083226
2025-07-23 16:12:46.089,264.816052174024,61.6844270669528
2025-07-23 16:12:46.237,264.816052174024,61.6844270669528
2025-07-23 16:12:46.335,265.361040061333,62.3494042262888
2025-07-23 16:12:46.434,265.361040061333,62.3494042262888
2025-07-23 16:12:46.638,266.001054189931,63.1314150787663
2025-07-23 16:12:46.641,266.001054189931,63.1314150787663
2025-07-23 16:12:46.792,266.001054189931,63.1314150787663
2025-07-23 16:12:46.873,266.552726050703,63.8050865991081
2025-07-23 16:12:47.020,266.552726050703,63.8050865991081
2025-07-23 16:12:47.093,267.06598902757,64.4329177421697
2025-07-23 16:12:47.194,267.06598902757,64.4329177421697
2025-07-23 16:12:47.312,267.596521570733,65.0797182802708
2025-07-23 16:12:47.425,267.596521570733,65.0797182802708
2025-07-23 16:12:47.536,267.993600314583,65.5644036584517
2025-07-23 16:12:47.639,267.993600314583,65.5644036584517
2025-07-23 16:12:47.759,268.513303346848,66.2025131609359
2025-07-23 16:12:47.858,268.513303346848,66.2025131609359
2025-07-23 16:12:47.985,268.936500284118,66.7212084023909
2025-07-23 16:12:48.097,268.936500284118,66.7212084023909
2025-07-23 16:12:48.176,268.936500284118,66.7212084023909
2025-07-23 16:12:48.293,269.575780608234,67.5024394691328
2025-07-23 16:12:48.472,269.971999239597,67.9887091448537
2025-07-23 16:12:48.495,269.971999239597,67.9887091448537
2025-07-23 16:12:48.646,269.971999239597,67.9887091448537
2025-07-23 16:12:48.734,270.496344445957,68.6307792038667
2025-07-23 16:12:48.836,270.496344445957,68.6307792038667
2025-07-23 16:12:48.957,271.069240585359,69.3345087375482
2025-07-23 16:12:49.048,271.069240585359,69.3345087375482
2025-07-23 16:12:49.203,271.592063300847,69.9765639180577
2025-07-23 16:12:49.289,271.592063300847,69.9765639180577
2025-07-23 16:12:49.416,271.592063300847,70.4612797326351
2025-07-23 16:12:49.542,271.987758695692,70.4612797326351
2025-07-23 16:12:49.605,271.987758695692,70.4612797326351
2025-07-23 16:12:49.711,272.504552326641,71.0994052717783
2025-07-23 16:12:49.818,272.504552326641,71.0994052717783
2025-07-23 16:12:49.908,273.039447861414,71.7572823982447
2025-07-23 16:12:50.022,273.039447861414,71.7572823982447
2025-07-23 16:12:50.144,273.674947984394,72.5393186037905
2025-07-23 16:12:50.276,273.674947984394,72.5393186037905
2025-07-23 16:12:50.399,274.058523122271,73.0145519750089
2025-07-23 16:12:50.480,274.058523122271,73.0145519750089
2025-07-23 16:12:50.609,274.573414303929,73.6495292838016
2025-07-23 16:12:50.690,274.573414303929,73.6495292838016
2025-07-23 16:12:50.831,275.088655241653,74.2892314162859
2025-07-23 16:12:50.924,275.088655241653,74.2892314162859
2025-07-23 16:12:51.016,275.088655241653,74.2892314162859
2025-07-23 16:12:51.140,275.632241480485,74.9645464184994
2025-07-23 16:12:51.302,276.055219776856,75.4888125642096
2025-07-23 16:12:51.361,276.055219776856,75.4888125642096
2025-07-23 16:12:51.468,276.055219776856,75.4888125642096
2025-07-23 16:12:51.581,276.684592043534,76.2732403287622
2025-07-23 16:12:51.705,276.684592043534,76.2732403287622
2025-07-23 16:12:51.817,277.193124677595,76.9082415017014
2025-07-23 16:12:51.948,277.193124677595,76.9082415017014
2025-07-23 16:12:52.061,277.597351347325,77.4159274064484
2025-07-23 16:12:52.112,277.597351347325,77.4159274064484
2025-07-23 16:12:52.236,277.597351347325,77.4159274064484
2025-07-23 16:12:52.377,278.103306297592,78.0540772775357
2025-07-23 16:12:52.537,278.607237360943,78.6874880273967
2025-07-23 16:12:52.566,278.607237360943,78.6874880273967
2025-07-23 16:12:52.679,278.607237360943,78.6874880273967
2025-07-23 16:12:52.784,279.245539494896,79.5012178610444
2025-07-23 16:12:52.923,279.245539494896,79.5012178610444
2025-07-23 16:12:53.017,279.622746334474,79.9828227594566
2025-07-23 16:12:53.142,279.622746334474,79.9828227594566
2025-07-23 16:12:53.267,280.115973787839,80.6186278018954
2025-07-23 16:12:53.360,280.115973787839,80.6186278018954
2025-07-23 16:12:53.479,280.62001734063,81.2718277028742
2025-07-23 16:12:53.590,280.62001734063,81.2718277028742
2025-07-23 16:12:53.743,281.102960455835,81.9100175748081
2025-07-23 16:12:53.787,281.102960455835,81.9100175748081
2025-07-23 16:12:53.891,281.102960455835,81.9100175748081
2025-07-23 16:12:54.014,281.581139180762,82.5450208578116
2025-07-23 16:12:54.126,281.581139180762,82.5450208578116
2025-07-23 16:12:54.235,282.068176230712,83.2061145951305
2025-07-23 16:12:54.353,282.068176230712,83.2061145951305
2025-07-23 16:12:54.455,282.520385368398,83.8395529764592
2025-07-23 16:12:54.550,282.520385368398,83.8395529764592
2025-07-23 16:12:54.735,282.962711550836,84.4784939858375
2025-07-23 16:12:54.765,282.962711550836,84.4784939858375
2025-07-23 16:12:54.894,282.962711550836,84.4784939858375
2025-07-23 16:12:54.979,283.417546899044,85.1719734138561
2025-07-23 16:12:55.141,283.417546899044,85.1719734138561
2025-07-23 16:12:55.216,283.79808977044,85.7997981879903
2025-07-23 16:12:55.331,283.79808977044,85.7997981879903
2025-07-23 16:12:55.426,284.143024494648,86.4623277161598
2025-07-23 16:12:55.578,284.143024494648,86.4623277161598
2025-07-23 16:12:55.735,284.389890758682,87.1002614754305
2025-07-23 16:12:55.796,284.389890758682,87.1002614754305
2025-07-23 16:12:55.884,284.389890758682,87.1002614754305
2025-07-23 16:12:56.037,284.4605611802,87.9172840821771
2025-07-23 16:12:56.126,284.4605611802,87.9172840821771
2025-07-23 16:12:56.210,284.4605611802,87.9172840821771
2025-07-23 16:12:56.349,283.786312510054,88.7214463314291
2025-07-23 16:12:56.434,283.786312510054,88.7214463314291
2025-07-23 16:12:56.567,281.057498215264,89.34707529033
2025-07-23 16:12:56.682,281.057498215264,89.34707529033
2025-07-23 16:12:56.773,270.60558600231,89.7973726446568
2025-07-23 16:12:56.897,270.60558600231,89.7973726446568
2025-07-23 16:12:56.998,117.553498491411,89.4694138629716
2025-07-23 16:12:57.096,117.553498491411,89.4694138629716
2025-07-23 16:12:57.205,113.702075415157,88.9866588106198
2025-07-23 16:12:57.362,113.702075415157,88.9866588106198
2025-07-23 16:12:57.417,112.498150662589,88.3908061135155
2025-07-23 16:12:57.542,112.498150662589,88.3908061135155
2025-07-23 16:12:57.635,112.20950280508,87.7273990167546
2025-07-23 16:12:57.802,112.20950280508,87.7273990167546
2025-07-23 16:12:57.885,112.29400231398,87.0848456188099
2025-07-23 16:12:58.005,112.29400231398,87.0848456188099
2025-07-23 16:12:58.087,112.470142050046,86.6025894971474
2025-07-23 16:12:58.203,112.470142050046,86.6025894971474
2025-07-23 16:12:58.282,112.470142050046,86.6025894971474
2025-07-23 16:12:58.447,112.976657802808,85.6220526836169
2025-07-23 16:12:58.530,112.976657802808,85.6220526836169
2025-07-23 16:12:58.614,112.976657802808,85.6220526836169
2025-07-23 16:12:58.783,113.482162200498,84.8121948123002
2025-07-23 16:12:58.834,113.482162200498,84.8121948123002
2025-07-23 16:12:58.961,113.482162200498,84.8121948123002
2025-07-23 16:12:59.088,114.039475308423,83.9919672505685
2025-07-23 16:12:59.198,114.039475308423,83.9919672505685
2025-07-23 16:12:59.279,114.039475308423,83.9919672505685
2025-07-23 16:12:59.465,114.707738046857,83.0562292332419
2025-07-23 16:12:59.517,114.707738046857,83.0562292332419
2025-07-23 16:12:59.635,114.707738046857,83.0562292332419
2025-07-23 16:12:59.762,115.284713400681,82.2746690518526
2025-07-23 16:12:59.842,115.284713400681,82.2746690518526
2025-07-23 16:12:59.938,115.284713400681,82.2746690518526
2025-07-23 16:13:00.064,115.884257188784,81.4820233023332
2025-07-23 16:13:00.204,115.884257188784,81.4820233023332
2025-07-23 16:13:00.263,115.884257188784,81.4820233023332
2025-07-23 16:13:00.466,116.749852705794,80.3539376357263
2025-07-23 16:13:00.476,116.749852705794,80.3539376357263
2025-07-23 16:13:00.637,116.749852705794,80.3539376357263
2025-07-23 16:13:00.700,117.263763175177,79.6925566724168
2025-07-23 16:13:00.892,117.263763175177,79.6925566724168
2025-07-23 16:13:00.922,117.762685588956,79.0557088477678
2025-07-23 16:13:01.053,117.762685588956,79.0557088477678
2025-07-23 16:13:01.134,118.169530227275,78.5398693731512
2025-07-23 16:13:01.287,118.169530227275,78.5398693731512
2025-07-23 16:13:01.366,118.668760125881,77.906162821047
2025-07-23 16:13:01.472,118.668760125881,77.906162821047
2025-07-23 16:13:01.607,119.173920639581,77.270868931675
2025-07-23 16:13:01.703,119.173920639581,77.270868931675
2025-07-23 16:13:01.793,119.173920639581,77.270868931675
2025-07-23 16:13:01.924,119.679553307977,76.6363459196639
2025-07-23 16:13:02.117,120.209614760046,75.9764908655239
2025-07-23 16:13:02.143,120.209614760046,75.9764908655239
2025-07-23 16:13:02.350,120.574046791932,75.5191913067129
2025-07-23 16:13:02.352,120.574046791932,75.5191913067129
2025-07-23 16:13:02.448,120.574046791932,75.5191913067129
2025-07-23 16:13:02.588,121.239315802339,74.6923836773218
2025-07-23 16:13:02.668,121.239315802339,74.6923836773218
2025-07-23 16:13:02.890,121.748758696707,74.0586319128573
2025-07-23 16:13:02.893,121.748758696707,74.0586319128573
2025-07-23 16:13:03.002,121.748758696707,74.0586319128573
2025-07-23 16:13:03.104,122.139158251221,73.5759927819177
2025-07-23 16:13:03.243,122.139158251221,73.5759927819177
2025-07-23 16:13:03.339,122.802227766897,72.7507379356029
2025-07-23 16:13:03.462,122.802227766897,72.7507379356029
2025-07-23 16:13:03.558,123.314813934199,72.1193502007789
2025-07-23 16:13:03.660,123.314813934199,72.1193502007789
2025-07-23 16:13:03.799,123.702348997544,71.6398574652879
2025-07-23 16:13:03.869,123.702348997544,71.6398574652879
2025-07-23 16:13:04.029,124.242945966519,70.9744300043484
2025-07-23 16:13:04.140,124.242945966519,70.9744300043484
2025-07-23 16:13:04.203,124.242945966519,70.9744300043484
2025-07-23 16:13:04.321,124.898377048027,70.1641713709556
2025-07-23 16:13:04.444,124.898377048027,70.1641713709556
2025-07-23 16:13:04.538,125.292923987122,69.6783458700871
2025-07-23 16:13:04.669,125.292923987122,69.6783458700871
2025-07-23 16:13:04.753,125.814464240461,69.0374300940266
2025-07-23 16:13:04.862,125.814464240461,69.0374300940266
2025-07-23 16:13:04.964,126.210231362887,68.5515987836092
2025-07-23 16:13:05.119,126.210231362887,68.5515987836092
2025-07-23 16:13:05.184,126.744019564062,67.8940486808747
2025-07-23 16:13:05.306,126.744019564062,67.8940486808747
2025-07-23 16:13:05.505,127.405802971078,67.0821835938497
2025-07-23 16:13:05.507,127.405802971078,67.0821835938497
2025-07-23 16:13:05.643,127.405802971078,67.0821835938497
2025-07-23 16:13:05.747,127.900381441121,66.4752823346759
2025-07-23 16:13:05.860,127.900381441121,66.4752823346759
2025-07-23 16:13:05.947,128.44682204323,65.8034743438444
2025-07-23 16:13:06.068,128.44682204323,65.8034743438444
2025-07-23 16:13:06.184,128.965164043078,65.170436947091
2025-07-23 16:13:06.291,128.965164043078,65.170436947091
2025-07-23 16:13:06.384,128.965164043078,65.170436947091
2025-07-23 16:13:06.599,129.736316821684,64.226426522412
2025-07-23 16:13:06.600,129.736316821684,64.226426522412
2025-07-23 16:13:06.727,129.736316821684,64.226426522412
2025-07-23 16:13:06.842,130.13304077127,63.7397727927103
2025-07-23 16:13:06.941,130.13304077127,63.7397727927103
2025-07-23 16:13:07.128,130.803355249794,62.9191969450505
2025-07-23 16:13:07.217,130.803355249794,62.9191969450505
2025-07-23 16:13:07.300,130.803355249794,62.2600351150138
2025-07-23 16:13:07.384,131.340727804262,62.2600351150138
2025-07-23 16:13:07.505,131.340727804262,61.7749552815738
2025-07-23 16:13:07.600,131.737258278151,61.7749552815738
2025-07-23 16:13:07.758,132.254237424661,61.1426992082815
2025-07-23 16:13:07.821,132.254237424661,61.1426992082815
2025-07-23 16:13:07.969,132.770728821692,60.5112414280824
2025-07-23 16:13:08.039,132.770728821692,60.5112414280824
2025-07-23 16:13:08.233,133.163702779164,60.0340594081706
2025-07-23 16:13:08.296,133.163702779164,60.0340594081706
2025-07-23 16:13:08.350,133.163702779164,60.0340594081706
2025-07-23 16:13:08.462,133.681717450236,59.3994362084314
2025-07-23 16:13:08.620,133.681717450236,59.3994362084314
2025-07-23 16:13:08.744,134.346254086215,58.5867404462417
2025-07-23 16:13:08.796,134.346254086215,58.5867404462417
2025-07-23 16:13:08.903,134.346254086215,58.5867404462417
2025-07-23 16:13:09.025,134.860680018541,57.9592145144202
2025-07-23 16:13:09.182,134.860680018541,57.2944913735501
2025-07-23 16:13:09.229,135.403694516098,57.2944913735501
2025-07-23 16:13:09.386,135.403694516098,56.8299872656483
2025-07-23 16:13:09.436,135.785461939323,56.8299872656483
2025-07-23 16:13:09.588,136.18151646,56.346473454135
2025-07-23 16:13:09.662,136.18151646,56.346473454135
2025-07-23 16:13:09.800,136.727415099085,55.6801650737039
2025-07-23 16:13:09.898,136.727415099085,55.6801650737039
2025-07-23 16:13:10.021,137.250056761046,55.0407658283336
2025-07-23 16:13:10.121,137.250056761046,55.0407658283336
2025-07-23 16:13:10.220,137.250056761046,55.0407658283336
2025-07-23 16:13:10.342,137.799398892174,54.3712928470794
2025-07-23 16:13:10.454,137.799398892174,54.3712928470794
2025-07-23 16:13:10.566,138.340376285535,53.7105213513209
2025-07-23 16:13:10.691,138.340376285535,53.7105213513209
2025-07-23 16:13:10.841,138.977480676134,52.9341999096778
2025-07-23 16:13:10.893,138.977480676134,52.9341999096778
2025-07-23 16:13:11.011,138.977480676134,52.9341999096778
2025-07-23 16:13:11.146,139.517997344761,52.2742257273068
2025-07-23 16:13:11.240,139.517997344761,52.2742257273068
2025-07-23 16:13:11.365,140.036547164932,51.643522159177
2025-07-23 16:13:11.461,140.036547164932,51.643522159177
2025-07-23 16:13:11.601,140.552538326559,51.0128168577702
2025-07-23 16:13:11.659,140.552538326559,51.0128168577702
2025-07-23 16:13:11.866,141.215313150241,50.2064153707342
2025-07-23 16:13:11.895,141.215313150241,50.2064153707342
2025-07-23 16:13:12.033,141.215313150241,50.2064153707342
2025-07-23 16:13:12.115,141.740539157014,49.5646431624481
2025-07-23 16:13:12.263,141.740539157014,49.5646431624481
2025-07-23 16:13:12.331,142.12881262591,49.0922014262812
2025-07-23 16:13:12.427,142.12881262591,49.0922014262812
2025-07-23 16:13:12.542,142.648941120083,48.4583089158906
2025-07-23 16:13:12.666,142.648941120083,48.4583089158906
2025-07-23 16:13:12.782,143.192524300635,47.7959438054025
2025-07-23 16:13:12.862,143.192524300635,47.7959438054025
2025-07-23 16:13:12.982,143.570517459203,47.3369660607835
2025-07-23 16:13:13.108,143.570517459203,47.3369660607835
2025-07-23 16:13:13.226,144.120014985451,46.6650939724625
2025-07-23 16:13:13.308,144.120014985451,46.6650939724625
2025-07-23 16:13:13.439,144.539659961773,46.1554517979611
2025-07-23 16:13:13.532,144.539659961773,46.1554517979611
2025-07-23 16:13:13.653,145.081468970844,45.493882842867
2025-07-23 16:13:13.771,145.081468970844,45.493882842867
2025-07-23 16:13:13.863,145.481688102774,45.0095705602286
2025-07-23 16:13:14.005,145.481688102774,45.0095705602286
2025-07-23 16:13:14.087,145.998227946816,44.3780516012568
2025-07-23 16:13:14.249,145.998227946816,44.3780516012568
2025-07-23 16:13:14.334,146.545999365267,43.7101358134144
2025-07-23 16:13:14.408,146.545999365267,43.7101358134144
2025-07-23 16:13:14.517,146.545999365267,43.7101358134144
2025-07-23 16:13:14.652,147.18482589335,42.9345908376933
2025-07-23 16:13:14.753,147.18482589335,42.9345908376933
2025-07-23 16:13:14.860,147.700206163828,42.3062503787151
2025-07-23 16:13:14.972,147.700206163828,42.3062503787151
2025-07-23 16:13:15.072,148.117480129076,41.7973811670173
2025-07-23 16:13:15.188,148.117480129076,41.7973811670173
2025-07-23 16:13:15.297,148.638122791936,41.163495886153
2025-07-23 16:13:15.408,148.638122791936,41.163495886153
2025-07-23 16:13:15.534,149.164012201935,40.5232658236498
2025-07-23 16:13:15.626,149.164012201935,40.5232658236498
2025-07-23 16:13:15.731,149.164012201935,40.5232658236498
2025-07-23 16:13:15.896,149.806941994816,39.7421914216948
2025-07-23 16:13:15.954,149.806941994816,39.7421914216948
2025-07-23 16:13:16.087,149.806941994816,39.0979961469979
2025-07-23 16:13:16.174,150.33420057298,39.0979961469979
2025-07-23 16:13:16.330,150.900513511304,38.40950009947
2025-07-23 16:13:16.391,150.900513511304,38.40950009947
2025-07-23 16:13:16.504,150.900513511304,38.40950009947
2025-07-23 16:13:16.665,151.535780978346,37.6363230058787
2025-07-23 16:13:16.749,151.535780978346,37.6363230058787
2025-07-23 16:13:16.954,152.065112604377,36.9929238639064
2025-07-23 16:13:16.955,152.065112604377,36.9929238639064
2025-07-23 16:13:17.085,152.065112604377,36.9929238639064
2025-07-23 16:13:17.166,152.590552394097,36.3511036075891
2025-07-23 16:13:17.320,152.590552394097,36.3511036075891
2025-07-23 16:13:17.407,153.139448916883,35.6847503957496
2025-07-23 16:13:17.533,153.139448916883,35.6847503957496
2025-07-23 16:13:17.623,153.659099147631,35.0516308400395
2025-07-23 16:13:17.738,153.659099147631,35.0516308400395
2025-07-23 16:13:17.823,154.06040966023,34.564919474362
2025-07-23 16:13:17.988,154.06040966023,34.564919474362
2025-07-23 16:13:18.045,154.583365291889,33.9278556965509
2025-07-23 16:13:18.179,154.583365291889,33.9278556965509
2025-07-23 16:13:18.284,155.104396543906,33.2955320727304
2025-07-23 16:13:18.366,155.104396543906,33.2955320727304
2025-07-23 16:13:18.545,155.496659246083,32.8159400674459
2025-07-23 16:13:18.609,155.496659246083,32.8159400674459
2025-07-23 16:13:18.769,156.166712244273,32.0031644592812
2025-07-23 16:13:18.825,156.166712244273,32.0031644592812
2025-07-23 16:13:18.965,156.166712244273,32.0031644592812
2025-07-23 16:13:19.044,156.680660161151,31.3771572263484
2025-07-23 16:13:19.139,156.680660161151,31.3771572263484
2025-07-23 16:13:19.305,157.201150890197,30.7448251683813
2025-07-23 16:13:19.366,157.201150890197,30.7448251683813
2025-07-23 16:13:19.505,157.773709372047,30.0460177792645
2025-07-23 16:13:19.575,157.773709372047,30.0460177792645
2025-07-23 16:13:19.736,158.170615647818,29.5640356609188
2025-07-23 16:13:19.794,158.170615647818,29.5640356609188
2025-07-23 16:13:19.940,158.665145374889,28.9625517497078
2025-07-23 16:13:20.032,158.665145374889,28.9625517497078
2025-07-23 16:13:20.165,158.665145374889,28.2922312688029
2025-07-23 16:13:20.245,159.215650814313,28.2922312688029
2025-07-23 16:13:20.348,159.215650814313,28.2922312688029
2025-07-23 16:13:20.465,159.864444097523,27.5023851018378
2025-07-23 16:13:20.558,159.864444097523,27.5023851018378
2025-07-23 16:13:20.709,160.262727056605,27.0219965289334
2025-07-23 16:13:20.811,160.262727056605,27.0219965289334
2025-07-23 16:13:20.906,160.262727056605,27.0219965289334
2025-07-23 16:13:21.005,160.910274658086,26.2329227216018
2025-07-23 16:13:21.144,160.910274658086,26.2329227216018
2025-07-23 16:13:21.233,161.455021778307,25.568911551658
2025-07-23 16:13:21.325,161.455021778307,25.568911551658
2025-07-23 16:13:21.491,161.971821377713,24.9412959458487
2025-07-23 16:13:21.547,161.971821377713,24.9412959458487
2025-07-23 16:13:21.672,161.971821377713,24.9412959458487
2025-07-23 16:13:21.833,162.762657117165,23.9788946333
2025-07-23 16:13:21.888,162.762657117165,23.9788946333
2025-07-23 16:13:22.046,163.157783289339,23.4992715522468
2025-07-23 16:13:22.118,163.157783289339,23.4992715522468
2025-07-23 16:13:22.221,163.157783289339,23.4992715522468
2025-07-23 16:13:22.341,163.82956108819,22.6824991875624
2025-07-23 16:13:22.433,163.82956108819,22.6824991875624
2025-07-23 16:13:22.568,164.378351669952,22.0145036261379
2025-07-23 16:13:22.674,164.378351669952,22.0145036261379
2025-07-23 16:13:22.805,164.914128590621,21.3631121907131
2025-07-23 16:13:22.890,164.914128590621,21.3631121907131
2025-07-23 16:13:22.987,164.914128590621,21.3631121907131
2025-07-23 16:13:23.116,165.554752230003,20.5843026858003
2025-07-23 16:13:23.237,165.554752230003,20.5843026858003
2025-07-23 16:13:23.344,166.102295946317,19.9178720857844
2025-07-23 16:13:23.426,166.102295946317,19.9178720857844
2025-07-23 16:13:23.555,166.102295946317,19.4342860079745
2025-07-23 16:13:23.673,166.502084281075,19.4342860079745
2025-07-23 16:13:23.768,167.021022181023,18.8034674672006
2025-07-23 16:13:23.848,167.021022181023,18.8034674672006
2025-07-23 16:13:24.035,167.551700576964,18.1575937636404
2025-07-23 16:13:24.071,167.551700576964,18.1575937636404
2025-07-23 16:13:24.235,167.551700576964,18.1575937636404
2025-07-23 16:13:24.304,168.097573562435,17.4935235665704
2025-07-23 16:13:24.406,168.097573562435,17.4935235665704
2025-07-23 16:13:24.525,168.584264045673,16.8698118034711
2025-07-23 16:13:24.608,168.584264045673,16.8698118034711
2025-07-23 16:13:24.739,169.042691332538,16.2500353420994
2025-07-23 16:13:24.849,169.042691332538,16.2500353420994
2025-07-23 16:13:24.941,169.395679753577,15.7403056721443
2025-07-23 16:13:25.053,169.395679753577,15.7403056721443
2025-07-23 16:13:25.249,169.805090823663,15.1118112135485
2025-07-23 16:13:25.271,169.805090823663,15.1118112135485
2025-07-23 16:13:25.474,170.185538542399,14.4849115825804
2025-07-23 16:13:25.503,170.185538542399,14.4849115825804
2025-07-23 16:13:25.667,170.185538542399,14.4849115825804
2025-07-23 16:13:25.727,170.639231854037,13.6624686195568
2025-07-23 16:13:25.828,170.639231854037,13.6624686195568
2025-07-23 16:13:25.935,170.896319113443,13.1471701731095
2025-07-23 16:13:26.077,170.896319113443,13.1471701731095
2025-07-23 16:13:26.174,171.188692609225,12.5123201262149
2025-07-23 16:13:26.286,171.188692609225,12.5123201262149
2025-07-23 16:13:26.426,171.451565555322,11.8695562968467
2025-07-23 16:13:26.500,171.451565555322,11.8695562968467
2025-07-23 16:13:26.602,171.451565555322,11.8695562968467
2025-07-23 16:13:26.719,171.741169196188,11.0573559601601
2025-07-23 16:13:26.825,171.741169196188,11.0573559601601
2025-07-23 16:13:26.936,171.888885788645,10.5784357162529
2025-07-23 16:13:27.068,171.888885788645,10.5784357162529
2025-07-23 16:13:27.154,172.063887993612,9.91742913888494
2025-07-23 16:13:27.281,172.063887993612,9.91742913888494
2025-07-23 16:13:27.365,172.173550786875,9.42582558365062
2025-07-23 16:13:27.475,172.173550786875,9.42582558365062
2025-07-23 16:13:27.576,172.287205784559,8.79408312578732
2025-07-23 16:13:27.749,172.287205784559,8.79408312578732
2025-07-23 16:13:27.794,172.372395365096,8.15204192099402
2025-07-23 16:13:27.900,172.372395365096,8.15204192099402
2025-07-23 16:13:28.016,172.416594093418,7.66437909533833
2025-07-23 16:13:28.175,172.416594093418,7.66437909533833
2025-07-23 16:13:28.246,172.447868852049,7.0128303177331
2025-07-23 16:13:28.348,172.447868852049,7.0128303177331
2025-07-23 16:13:28.494,172.451114541914,6.35412179163823
2025-07-23 16:13:28.570,172.451114541914,6.35412179163823
2025-07-23 16:13:28.666,172.451114541914,6.35412179163823
2025-07-23 16:13:28.790,172.450171592775,5.6027782950879
2025-07-23 16:13:28.931,172.450171592775,5.6027782950879
2025-07-23 16:13:29.012,172.449507880958,5.06757575938333
2025-07-23 16:13:29.171,172.449507880958,5.06757575938333
2025-07-23 16:13:29.305,172.448407947741,4.1681433832694
2025-07-23 16:13:29.330,172.448407947741,4.1681433832694
2025-07-23 16:13:29.490,172.448407947741,4.1681433832694
2025-07-23 16:13:29.612,172.447594496888,3.49356198882611
2025-07-23 16:13:29.686,172.447594496888,3.49356198882611
2025-07-23 16:13:29.760,172.447594496888,3.49356198882611
2025-07-23 16:13:29.911,172.446543312994,2.60911579562392
2025-07-23 16:13:29.999,172.446543312994,2.60911579562392
2025-07-23 16:13:30.130,172.445918765685,2.07702159690063
2025-07-23 16:13:30.219,172.445918765685,2.07702159690063
2025-07-23 16:13:30.349,172.445918765685,1.51562674224077
2025-07-23 16:13:30.446,172.445266033407,1.51562674224077
2025-07-23 16:13:30.595,172.444472848141,0.825922607632513
2025-07-23 16:13:30.654,172.444472848141,0.825922607632513
2025-07-23 16:13:30.752,172.444472848141,0.825922607632513
2025-07-23 16:13:30.884,172.443876070465,0.301699061404161
2025-07-23 16:13:30.961,172.443876070465,0.301699061404161
2025-07-23 16:13:31.163,172.442881717809,-0.582057113490455
2025-07-23 16:13:31.187,172.442881717809,-0.582057113490455
2025-07-23 16:13:31.307,172.442881717809,-0.582057113490455
2025-07-23 16:13:31.403,172.442288896636,-1.11502266155497
2025-07-23 16:13:31.597,172.44149014522,-1.84042696297409
2025-07-23 16:13:31.623,172.44149014522,-1.84042696297409
2025-07-23 16:13:31.751,172.44149014522,-1.84042696297409
2025-07-23 16:13:31.880,172.440721693689,-2.54607341678846
2025-07-23 16:13:31.976,172.440721693689,-2.54607341678846
2025-07-23 16:13:32.057,172.440721693689,-2.54607341678846
2025-07-23 16:13:32.192,172.439924091637,-3.28658846444329
2025-07-23 16:13:32.275,172.439924091637,-3.28658846444329
2025-07-23 16:13:32.428,172.439172027944,-3.99228770370097
2025-07-23 16:13:32.520,172.439172027944,-3.99228770370097
2025-07-23 16:13:32.602,172.439172027944,-3.99228770370097
2025-07-23 16:13:32.730,172.43840431634,-4.72018364427856
2025-07-23 16:13:32.829,172.43840431634,-4.72018364427856
2025-07-23 16:13:32.991,172.437647725314,-5.44496730175756
2025-07-23 16:13:33.071,172.437647725314,-5.44496730175756
2025-07-23 16:13:33.191,172.437098977278,-5.97488531440688
2025-07-23 16:13:33.277,172.437098977278,-5.97488531440688
2025-07-23 16:13:33.449,172.436362343261,-6.69257380086811
2025-07-23 16:13:33.496,172.436362343261,-6.69257380086811
2025-07-23 16:13:33.593,172.436362343261,-6.69257380086811
2025-07-23 16:13:33.727,172.435853700185,-7.19164898057705
2025-07-23 16:13:33.810,172.435853700185,-7.19164898057705
2025-07-23 16:13:33.940,172.435131000094,-7.90623156584251
2025-07-23 16:13:34.067,172.435131000094,-7.90623156584251
2025-07-23 16:13:34.198,172.434443811319,-8.59154458036991
2025-07-23 16:13:34.261,172.434443811319,-8.59154458036991
2025-07-23 16:13:34.392,172.434443811319,-8.59154458036991
2025-07-23 16:13:34.479,172.433756501347,-9.28242111037289
2025-07-23 16:13:34.612,172.433756501347,-9.28242111037289
2025-07-23 16:13:34.698,172.433230133691,-9.81486727704748
2025-07-23 16:13:34.813,172.433230133691,-9.81486727704748
2025-07-23 16:13:34.919,172.432527711768,-10.5303956944701
2025-07-23 16:13:35.062,172.432527711768,-10.5303956944701
2025-07-23 16:13:35.148,172.431847840252,-11.2277349326959
2025-07-23 16:13:35.235,172.431847840252,-11.2277349326959
2025-07-23 16:13:35.349,172.431493965057,-11.5922595514136
2025-07-23 16:13:35.449,172.431493965057,-11.5922595514136
2025-07-23 16:13:35.569,172.430768163055,-12.3443512791373
2025-07-23 16:13:35.694,172.430768163055,-12.3443512791373
2025-07-23 16:13:35.822,172.430254739436,-12.8785270605905
2025-07-23 16:13:35.886,172.430254739436,-12.8785270605905
2025-07-23 16:13:36.039,172.429588379127,-13.576024213662
2025-07-23 16:13:36.098,172.429588379127,-13.576024213662
2025-07-23 16:13:36.235,172.429588379127,-13.576024213662
2025-07-23 16:13:36.328,172.429085733663,-14.1039363007405
2025-07-23 16:13:36.456,172.429085733663,-14.1039363007405
2025-07-23 16:13:36.540,172.428583482312,-14.6334629940589
2025-07-23 16:13:36.689,172.428583482312,-14.6334629940589
2025-07-23 16:13:36.788,172.427738330762,-15.5285025846033
2025-07-23 16:13:36.884,172.427738330762,-15.5285025846033
2025-07-23 16:13:37.049,172.427083971091,-16.2238291934304
2025-07-23 16:13:37.086,172.427083971091,-16.2238291934304
2025-07-23 16:13:37.229,172.427083971091,-16.2238291934304
2025-07-23 16:13:37.322,172.426587676004,-16.7527145849769
2025-07-23 16:13:37.514,172.425922011452,-17.4632142209402
2025-07-23 16:13:37.541,172.425922011452,-17.4632142209402
2025-07-23 16:13:37.673,172.425922011452,-17.4632142209402
2025-07-23 16:13:37.758,172.425427150392,-17.9921931436756
2025-07-23 16:13:37.893,172.425427150392,-17.9921931436756
2025-07-23 16:13:38.013,172.424744963675,-18.7218777588045
2025-07-23 16:13:38.150,172.424744963675,-18.7218777588045
2025-07-23 16:13:38.183,172.424744963675,-18.7218777588045
2025-07-23 16:13:38.290,172.424085096012,-19.4278411424684
2025-07-23 16:13:38.481,172.424085096012,-19.4278411424684
2025-07-23 16:13:38.524,172.423433772611,-20.1243835058712
2025-07-23 16:13:38.649,172.423433772611,-20.1243835058712
2025-07-23 16:13:38.725,172.423090248823,-20.4909225244884
2025-07-23 16:13:38.925,172.423090248823,-20.4909225244884
2025-07-23 16:13:38.950,172.422375344413,-21.2534734999193
2025-07-23 16:13:39.139,172.422375344413,-21.2534734999193
2025-07-23 16:13:39.166,172.421881113256,-21.77881420814
2025-07-23 16:13:39.374,172.421881113256,-22.279631558554
2025-07-23 16:13:39.410,172.421408521588,-22.279631558554
2025-07-23 16:13:39.609,172.421408521588,-22.9996018545764
2025-07-23 16:13:39.617,172.42072682571,-22.9996018545764
2025-07-23 16:13:39.766,172.42072682571,-22.9996018545764
2025-07-23 16:13:39.830,172.420185764415,-23.5680305176066
2025-07-23 16:13:39.954,172.420185764415,-23.5680305176066
2025-07-23 16:13:40.050,172.419670141129,-24.1063862519491
2025-07-23 16:13:40.170,172.419670141129,-24.1063862519491
2025-07-23 16:13:40.313,172.419001351682,-24.7996821401353
2025-07-23 16:13:40.391,172.419001351682,-24.7996821401353
2025-07-23 16:13:40.505,172.418480418258,-25.3358320669479
2025-07-23 16:13:40.610,172.418480418258,-25.3358320669479
2025-07-23 16:13:40.711,172.417964424582,-25.8625274880573
2025-07-23 16:13:40.805,172.417964424582,-25.8625274880573
2025-07-23 16:13:40.935,172.417432332956,-26.4004430924148
2025-07-23 16:13:41.094,172.417432332956,-26.4004430924148
2025-07-23 16:13:41.135,172.417432332956,-26.9599190802367
2025-07-23 16:13:41.329,172.416873847294,-26.9599190802367
2025-07-23 16:13:41.356,172.416176488063,-27.6498762888486
2025-07-23 16:13:41.512,172.416176488063,-27.6498762888486
2025-07-23 16:13:41.575,172.415663846093,-28.1499642761142
2025-07-23 16:13:41.697,172.415663846093,-28.1499642761142
2025-07-23 16:13:41.792,172.41507894995,-28.71299717301
2025-07-23 16:13:41.930,172.41507894995,-28.71299717301
2025-07-23 16:13:42.002,172.414551626991,-29.2133340433085
2025-07-23 16:13:42.170,172.414551626991,-29.2133340433085
2025-07-23 16:13:42.224,172.413729565987,-29.9795539539963
2025-07-23 16:13:42.371,172.413729565987,-29.9795539539963
2025-07-23 16:13:42.470,172.413147970402,-30.5096479868089
2025-07-23 16:13:42.559,172.413147970402,-30.5096479868089
2025-07-23 16:13:42.691,172.412364094968,-31.2095281563654
2025-07-23 16:13:42.773,172.412364094968,-31.2095281563654
2025-07-23 16:13:42.995,172.411760917874,-31.7344181296327
2025-07-23 16:13:42.996,172.411760917874,-31.7344181296327
2025-07-23 16:13:43.137,172.411760917874,-31.7344181296327
2025-07-23 16:13:43.210,172.410897870256,-32.4666911472898
2025-07-23 16:13:43.342,172.410897870256,-32.4666911472898
2025-07-23 16:13:43.428,172.410291707447,-32.9665058781261
2025-07-23 16:13:43.615,172.409582101497,-33.5359293543274
2025-07-23 16:13:43.661,172.409582101497,-33.5359293543274
2025-07-23 16:13:43.755,172.409582101497,-33.5359293543274
2025-07-23 16:13:43.890,172.408666042952,-34.2468761653448
2025-07-23 16:13:43.993,172.408666042952,-34.2468761653448
2025-07-23 16:13:44.111,172.407724553812,-34.9486931673824
2025-07-23 16:13:44.210,172.407724553812,-34.9486931673824
2025-07-23 16:13:44.391,172.406976856504,-35.4839747017171
2025-07-23 16:13:44.437,172.406976856504,-35.4839747017171
2025-07-23 16:13:44.593,172.405987278637,-36.1642227614484
2025-07-23 16:13:44.656,172.405987278637,-36.1642227614484
2025-07-23 16:13:44.838,172.405193830121,-36.6858148390935
2025-07-23 16:13:44.867,172.405193830121,-36.6858148390935
2025-07-23 16:13:44.974,172.405193830121,-36.6858148390935
2025-07-23 16:13:45.076,172.404508712484,-37.1200099362913
2025-07-23 16:13:45.218,172.404508712484,-37.1200099362913
2025-07-23 16:13:45.366,172.403325448531,-37.8351187259504
2025-07-23 16:13:45.417,172.403325448531,-37.8351187259504
2025-07-23 16:13:45.536,172.403325448531,-37.8351187259504
2025-07-23 16:13:45.638,172.402159154258,-38.4982486296645
2025-07-23 16:13:45.752,172.402159154258,-38.4982486296645
2025-07-23 16:13:45.912,172.401309644832,-38.9555350759497
2025-07-23 16:13:45.971,172.401309644832,-38.9555350759497
2025-07-23 16:13:46.099,172.401309644832,-38.9555350759497
2025-07-23 16:13:46.192,172.400497861865,-39.3739932672701
2025-07-23 16:13:46.331,172.400497861865,-39.3739932672701
2025-07-23 16:13:46.403,172.399931703074,-39.6548756983028
2025-07-23 16:13:46.539,172.399931703074,-39.6548756983028
2025-07-23 16:13:46.619,172.399393669129,-39.91405087812
2025-07-23 16:13:46.720,172.399393669129,-39.91405087812
2025-07-23 16:13:46.821,172.39889798368,-40.1462315906522
2025-07-23 16:13:46.975,172.39889798368,-40.1462315906522
2025-07-23 16:13:47.060,172.39827869776,-40.4280054954125
2025-07-23 16:13:47.148,172.39827869776,-40.4280054954125
2025-07-23 16:13:47.259,172.39827869776,-40.4280054954125
2025-07-23 16:13:47.391,172.397883650802,-40.6025283612843
2025-07-23 16:13:47.478,172.397532840364,-40.7541455439994
2025-07-23 16:13:47.675,172.397532840364,-40.7541455439994
2025-07-23 16:13:47.736,172.397244233897,-40.8760804944838
2025-07-23 16:13:47.831,172.397244233897,-40.8760804944838
2025-07-23 16:13:47.921,172.396941320265,-41.002359894963
2025-07-23 16:13:48.050,172.396941320265,-41.002359894963
2025-07-23 16:13:48.196,172.396758074454,-41.0764650545088
2025-07-23 16:13:48.253,172.396758074454,-41.0764650545088
2025-07-23 16:13:48.447,172.396686187857,-41.1042538444099
2025-07-23 16:13:48.469,172.396686187857,-41.1042538444099
2025-07-23 16:13:48.711,172.396670592374,-41.1083412943198
2025-07-23 16:13:48.713,172.396670592374,-41.1083412943198
2025-07-23 16:13:48.833,172.396670592374,-41.1083412943198
2025-07-23 16:13:48.920,172.396664969001,-41.1083420342317
2025-07-23 16:13:49.130,172.396664969001,-41.1083427931397
2025-07-23 16:13:49.173,172.396659267002,-41.1083427931397
2025-07-23 16:13:49.261,172.396659267002,-41.1083427931397
2025-07-23 16:13:49.362,172.396653683977,-41.1083435300545
2025-07-23 16:13:49.504,172.396653683977,-41.1083435300545
